campagne,date,jour,variable,groupe,valeur
2020-2021,2020-10-13,1,ACTE(VGP),65 ans et plus,296119
2020-2021,2020-10-13,1,DOSES(J07E1),65 ans et plus,1685461
2020-2021,2020-10-13,1,ACTE(VGP),moins de 65 ans,75969
2020-2021,2020-10-13,1,DOSES(J07E1),moins de 65 ans,479784
2020-2021,2020-10-14,2,ACTE(VGP),65 ans et plus,242598
2020-2021,2020-10-14,2,DOSES(J07E1),65 ans et plus,1120461
2020-2021,2020-10-14,2,ACTE(VGP),moins de 65 ans,55324
2020-2021,2020-10-14,2,DOSES(J07E1),moins de 65 ans,310336
2020-2021,2020-10-15,3,ACTE(VGP),65 ans et plus,181179
2020-2021,2020-10-15,3,DOSES(J07E1),65 ans et plus,742863
2020-2021,2020-10-15,3,ACTE(VGP),moins de 65 ans,41626
2020-2021,2020-10-15,3,DOSES(J07E1),moins de 65 ans,207436
2020-2021,2020-10-16,4,ACTE(VGP),65 ans et plus,140304
2020-2021,2020-10-16,4,DOSES(J07E1),65 ans et plus,543197
2020-2021,2020-10-16,4,ACTE(VGP),moins de 65 ans,36171
2020-2021,2020-10-16,4,DOSES(J07E1),moins de 65 ans,167572
2020-2021,2020-10-17,5,ACTE(VGP),65 ans et plus,48785
2020-2021,2020-10-17,5,DOSES(J07E1),65 ans et plus,243363
2020-2021,2020-10-17,5,ACTE(VGP),moins de 65 ans,18479
2020-2021,2020-10-17,5,DOSES(J07E1),moins de 65 ans,92822
2020-2021,2020-10-18,6,ACTE(VGP),65 ans et plus,668
2020-2021,2020-10-18,6,DOSES(J07E1),65 ans et plus,2095
2020-2021,2020-10-18,6,ACTE(VGP),moins de 65 ans,279
2020-2021,2020-10-18,6,DOSES(J07E1),moins de 65 ans,937
2020-2021,2020-10-19,7,ACTE(VGP),65 ans et plus,91910
2020-2021,2020-10-19,7,DOSES(J07E1),65 ans et plus,296870
2020-2021,2020-10-19,7,ACTE(VGP),moins de 65 ans,22687
2020-2021,2020-10-19,7,DOSES(J07E1),moins de 65 ans,98209
2020-2021,2020-10-20,8,ACTE(VGP),65 ans et plus,97894
2020-2021,2020-10-20,8,DOSES(J07E1),65 ans et plus,304510
2020-2021,2020-10-20,8,ACTE(VGP),moins de 65 ans,22361
2020-2021,2020-10-20,8,DOSES(J07E1),moins de 65 ans,98224
2020-2021,2020-10-21,9,ACTE(VGP),65 ans et plus,73871
2020-2021,2020-10-21,9,DOSES(J07E1),65 ans et plus,221297
2020-2021,2020-10-21,9,ACTE(VGP),moins de 65 ans,18952
2020-2021,2020-10-21,9,DOSES(J07E1),moins de 65 ans,79720
2020-2021,2020-10-22,10,ACTE(VGP),65 ans et plus,57257
2020-2021,2020-10-22,10,DOSES(J07E1),65 ans et plus,152006
2020-2021,2020-10-22,10,ACTE(VGP),moins de 65 ans,15204
2020-2021,2020-10-22,10,DOSES(J07E1),moins de 65 ans,58619
2020-2021,2020-10-23,11,ACTE(VGP),65 ans et plus,47835
2020-2021,2020-10-23,11,DOSES(J07E1),65 ans et plus,115199
2020-2021,2020-10-23,11,ACTE(VGP),moins de 65 ans,13572
2020-2021,2020-10-23,11,DOSES(J07E1),moins de 65 ans,49212
2020-2021,2020-10-24,12,ACTE(VGP),65 ans et plus,16480
2020-2021,2020-10-24,12,DOSES(J07E1),65 ans et plus,51271
2020-2021,2020-10-24,12,ACTE(VGP),moins de 65 ans,7082
2020-2021,2020-10-24,12,DOSES(J07E1),moins de 65 ans,26044
2020-2021,2020-10-25,13,ACTE(VGP),65 ans et plus,281
2020-2021,2020-10-25,13,DOSES(J07E1),65 ans et plus,1023
2020-2021,2020-10-25,13,ACTE(VGP),moins de 65 ans,97
2020-2021,2020-10-25,13,DOSES(J07E1),moins de 65 ans,419
2020-2021,2020-10-26,14,ACTE(VGP),65 ans et plus,52508
2020-2021,2020-10-26,14,DOSES(J07E1),65 ans et plus,122122
2020-2021,2020-10-26,14,ACTE(VGP),moins de 65 ans,13974
2020-2021,2020-10-26,14,DOSES(J07E1),moins de 65 ans,49161
2020-2021,2020-10-27,15,ACTE(VGP),65 ans et plus,62632
2020-2021,2020-10-27,15,DOSES(J07E1),65 ans et plus,142135
2020-2021,2020-10-27,15,ACTE(VGP),moins de 65 ans,15172
2020-2021,2020-10-27,15,DOSES(J07E1),moins de 65 ans,53586
2020-2021,2020-10-28,16,ACTE(VGP),65 ans et plus,61437
2020-2021,2020-10-28,16,DOSES(J07E1),65 ans et plus,131576
2020-2021,2020-10-28,16,ACTE(VGP),moins de 65 ans,15673
2020-2021,2020-10-28,16,DOSES(J07E1),moins de 65 ans,51109
2020-2021,2020-10-29,17,ACTE(VGP),65 ans et plus,59492
2020-2021,2020-10-29,17,DOSES(J07E1),65 ans et plus,106777
2020-2021,2020-10-29,17,ACTE(VGP),moins de 65 ans,14272
2020-2021,2020-10-29,17,DOSES(J07E1),moins de 65 ans,42408
2020-2021,2020-10-30,18,ACTE(VGP),65 ans et plus,47168
2020-2021,2020-10-30,18,DOSES(J07E1),65 ans et plus,97719
2020-2021,2020-10-30,18,ACTE(VGP),moins de 65 ans,14055
2020-2021,2020-10-30,18,DOSES(J07E1),moins de 65 ans,41830
2020-2021,2020-10-31,19,ACTE(VGP),65 ans et plus,22668
2020-2021,2020-10-31,19,DOSES(J07E1),65 ans et plus,56928
2020-2021,2020-10-31,19,ACTE(VGP),moins de 65 ans,9474
2020-2021,2020-10-31,19,DOSES(J07E1),moins de 65 ans,27169
2020-2021,2020-11-01,20,ACTE(VGP),65 ans et plus,419
2020-2021,2020-11-01,20,DOSES(J07E1),65 ans et plus,940
2020-2021,2020-11-01,20,ACTE(VGP),moins de 65 ans,140
2020-2021,2020-11-01,20,DOSES(J07E1),moins de 65 ans,411
2020-2021,2020-11-02,21,ACTE(VGP),65 ans et plus,62950
2020-2021,2020-11-02,21,DOSES(J07E1),65 ans et plus,124203
2020-2021,2020-11-02,21,ACTE(VGP),moins de 65 ans,15368
2020-2021,2020-11-02,21,DOSES(J07E1),moins de 65 ans,45535
2020-2021,2020-11-03,22,ACTE(VGP),65 ans et plus,83329
2020-2021,2020-11-03,22,DOSES(J07E1),65 ans et plus,166330
2020-2021,2020-11-03,22,ACTE(VGP),moins de 65 ans,18344
2020-2021,2020-11-03,22,DOSES(J07E1),moins de 65 ans,55747
2020-2021,2020-11-04,23,ACTE(VGP),65 ans et plus,66275
2020-2021,2020-11-04,23,DOSES(J07E1),65 ans et plus,139076
2020-2021,2020-11-04,23,ACTE(VGP),moins de 65 ans,16587
2020-2021,2020-11-04,23,DOSES(J07E1),moins de 65 ans,51275
2020-2021,2020-11-05,24,ACTE(VGP),65 ans et plus,74726
2020-2021,2020-11-05,24,DOSES(J07E1),65 ans et plus,145525
2020-2021,2020-11-05,24,ACTE(VGP),moins de 65 ans,17860
2020-2021,2020-11-05,24,DOSES(J07E1),moins de 65 ans,53088
2020-2021,2020-11-06,25,ACTE(VGP),65 ans et plus,83232
2020-2021,2020-11-06,25,DOSES(J07E1),65 ans et plus,162978
2020-2021,2020-11-06,25,ACTE(VGP),moins de 65 ans,22366
2020-2021,2020-11-06,25,DOSES(J07E1),moins de 65 ans,61705
2020-2021,2020-11-07,26,ACTE(VGP),65 ans et plus,34598
2020-2021,2020-11-07,26,DOSES(J07E1),65 ans et plus,85988
2020-2021,2020-11-07,26,ACTE(VGP),moins de 65 ans,13960
2020-2021,2020-11-07,26,DOSES(J07E1),moins de 65 ans,39647
2020-2021,2020-11-08,27,ACTE(VGP),65 ans et plus,374
2020-2021,2020-11-08,27,DOSES(J07E1),65 ans et plus,1024
2020-2021,2020-11-08,27,ACTE(VGP),moins de 65 ans,135
2020-2021,2020-11-08,27,DOSES(J07E1),moins de 65 ans,431
2020-2021,2020-11-09,28,ACTE(VGP),65 ans et plus,78377
2020-2021,2020-11-09,28,DOSES(J07E1),65 ans et plus,151558
2020-2021,2020-11-09,28,ACTE(VGP),moins de 65 ans,19837
2020-2021,2020-11-09,28,DOSES(J07E1),moins de 65 ans,57054
2020-2021,2020-11-10,29,ACTE(VGP),65 ans et plus,100537
2020-2021,2020-11-10,29,DOSES(J07E1),65 ans et plus,186340
2020-2021,2020-11-10,29,ACTE(VGP),moins de 65 ans,24668
2020-2021,2020-11-10,29,DOSES(J07E1),moins de 65 ans,69460
2020-2021,2020-11-11,30,ACTE(VGP),65 ans et plus,804
2020-2021,2020-11-11,30,DOSES(J07E1),65 ans et plus,2894
2020-2021,2020-11-11,30,ACTE(VGP),moins de 65 ans,292
2020-2021,2020-11-11,30,DOSES(J07E1),moins de 65 ans,1071
2020-2021,2020-11-12,31,ACTE(VGP),65 ans et plus,80024
2020-2021,2020-11-12,31,DOSES(J07E1),65 ans et plus,136730
2020-2021,2020-11-12,31,ACTE(VGP),moins de 65 ans,19987
2020-2021,2020-11-12,31,DOSES(J07E1),moins de 65 ans,53957
2020-2021,2020-11-13,32,ACTE(VGP),65 ans et plus,65541
2020-2021,2020-11-13,32,DOSES(J07E1),65 ans et plus,114464
2020-2021,2020-11-13,32,ACTE(VGP),moins de 65 ans,19776
2020-2021,2020-11-13,32,DOSES(J07E1),moins de 65 ans,51788
2020-2021,2020-11-14,33,ACTE(VGP),65 ans et plus,24743
2020-2021,2020-11-14,33,DOSES(J07E1),65 ans et plus,56570
2020-2021,2020-11-14,33,ACTE(VGP),moins de 65 ans,12048
2020-2021,2020-11-14,33,DOSES(J07E1),moins de 65 ans,32726
2020-2021,2020-11-15,34,ACTE(VGP),65 ans et plus,316
2020-2021,2020-11-15,34,DOSES(J07E1),65 ans et plus,853
2020-2021,2020-11-15,34,ACTE(VGP),moins de 65 ans,116
2020-2021,2020-11-15,34,DOSES(J07E1),moins de 65 ans,403
2020-2021,2020-11-16,35,ACTE(VGP),65 ans et plus,51539
2020-2021,2020-11-16,35,DOSES(J07E1),65 ans et plus,85308
2020-2021,2020-11-16,35,ACTE(VGP),moins de 65 ans,14725
2020-2021,2020-11-16,35,DOSES(J07E1),moins de 65 ans,38364
2020-2021,2020-11-17,36,ACTE(VGP),65 ans et plus,51277
2020-2021,2020-11-17,36,DOSES(J07E1),65 ans et plus,79970
2020-2021,2020-11-17,36,ACTE(VGP),moins de 65 ans,13832
2020-2021,2020-11-17,36,DOSES(J07E1),moins de 65 ans,35417
2020-2021,2020-11-18,37,ACTE(VGP),65 ans et plus,33096
2020-2021,2020-11-18,37,DOSES(J07E1),65 ans et plus,52251
2020-2021,2020-11-18,37,ACTE(VGP),moins de 65 ans,10869
2020-2021,2020-11-18,37,DOSES(J07E1),moins de 65 ans,28015
2020-2021,2020-11-19,38,ACTE(VGP),65 ans et plus,29786
2020-2021,2020-11-19,38,DOSES(J07E1),65 ans et plus,43720
2020-2021,2020-11-19,38,ACTE(VGP),moins de 65 ans,9314
2020-2021,2020-11-19,38,DOSES(J07E1),moins de 65 ans,23080
2020-2021,2020-11-20,39,ACTE(VGP),65 ans et plus,28986
2020-2021,2020-11-20,39,DOSES(J07E1),65 ans et plus,48901
2020-2021,2020-11-20,39,ACTE(VGP),moins de 65 ans,10388
2020-2021,2020-11-20,39,DOSES(J07E1),moins de 65 ans,25719
2020-2021,2020-11-21,40,ACTE(VGP),65 ans et plus,12035
2020-2021,2020-11-21,40,DOSES(J07E1),65 ans et plus,27093
2020-2021,2020-11-21,40,ACTE(VGP),moins de 65 ans,6353
2020-2021,2020-11-21,40,DOSES(J07E1),moins de 65 ans,17169
2020-2021,2020-11-22,41,ACTE(VGP),65 ans et plus,308
2020-2021,2020-11-22,41,DOSES(J07E1),65 ans et plus,388
2020-2021,2020-11-22,41,ACTE(VGP),moins de 65 ans,90
2020-2021,2020-11-22,41,DOSES(J07E1),moins de 65 ans,345
2020-2021,2020-11-23,42,ACTE(VGP),65 ans et plus,23816
2020-2021,2020-11-23,42,DOSES(J07E1),65 ans et plus,39358
2020-2021,2020-11-23,42,ACTE(VGP),moins de 65 ans,8092
2020-2021,2020-11-23,42,DOSES(J07E1),moins de 65 ans,21397
2020-2021,2020-11-24,43,ACTE(VGP),65 ans et plus,26974
2020-2021,2020-11-24,43,DOSES(J07E1),65 ans et plus,45174
2020-2021,2020-11-24,43,ACTE(VGP),moins de 65 ans,8765
2020-2021,2020-11-24,43,DOSES(J07E1),moins de 65 ans,23314
2020-2021,2020-11-25,44,ACTE(VGP),65 ans et plus,18750
2020-2021,2020-11-25,44,DOSES(J07E1),65 ans et plus,31534
2020-2021,2020-11-25,44,ACTE(VGP),moins de 65 ans,6903
2020-2021,2020-11-25,44,DOSES(J07E1),moins de 65 ans,19324
2020-2021,2020-11-26,45,ACTE(VGP),65 ans et plus,16687
2020-2021,2020-11-26,45,DOSES(J07E1),65 ans et plus,27399
2020-2021,2020-11-26,45,ACTE(VGP),moins de 65 ans,6191
2020-2021,2020-11-26,45,DOSES(J07E1),moins de 65 ans,16353
2020-2021,2020-11-27,46,ACTE(VGP),65 ans et plus,13865
2020-2021,2020-11-27,46,DOSES(J07E1),65 ans et plus,22359
2020-2021,2020-11-27,46,ACTE(VGP),moins de 65 ans,6174
2020-2021,2020-11-27,46,DOSES(J07E1),moins de 65 ans,15080
2020-2021,2020-11-28,47,ACTE(VGP),65 ans et plus,5272
2020-2021,2020-11-28,47,DOSES(J07E1),65 ans et plus,12058
2020-2021,2020-11-28,47,ACTE(VGP),moins de 65 ans,3352
2020-2021,2020-11-28,47,DOSES(J07E1),moins de 65 ans,9013
2020-2021,2020-11-29,48,ACTE(VGP),65 ans et plus,98
2020-2021,2020-11-29,48,DOSES(J07E1),65 ans et plus,213
2020-2021,2020-11-29,48,ACTE(VGP),moins de 65 ans,64
2020-2021,2020-11-29,48,DOSES(J07E1),moins de 65 ans,199
2020-2021,2020-11-30,49,ACTE(VGP),65 ans et plus,10336
2020-2021,2020-11-30,49,DOSES(J07E1),65 ans et plus,16506
2020-2021,2020-11-30,49,ACTE(VGP),moins de 65 ans,4090
2020-2021,2020-11-30,49,DOSES(J07E1),moins de 65 ans,11425
2020-2021,2020-12-01,50,ACTE(VGP),65 ans et plus,10672
2020-2021,2020-12-01,50,DOSES(J07E1),65 ans et plus,17111
2020-2021,2020-12-01,50,ACTE(VGP),moins de 65 ans,3958
2020-2021,2020-12-01,50,DOSES(J07E1),moins de 65 ans,12040
2020-2021,2020-12-02,51,ACTE(VGP),65 ans et plus,9106
2020-2021,2020-12-02,51,DOSES(J07E1),65 ans et plus,13904
2020-2021,2020-12-02,51,ACTE(VGP),moins de 65 ans,3412
2020-2021,2020-12-02,51,DOSES(J07E1),moins de 65 ans,10287
2020-2021,2020-12-03,52,ACTE(VGP),65 ans et plus,8677
2020-2021,2020-12-03,52,DOSES(J07E1),65 ans et plus,14620
2020-2021,2020-12-03,52,ACTE(VGP),moins de 65 ans,3285
2020-2021,2020-12-03,52,DOSES(J07E1),moins de 65 ans,9310
2020-2021,2020-12-04,53,ACTE(VGP),65 ans et plus,8855
2020-2021,2020-12-04,53,DOSES(J07E1),65 ans et plus,16434
2020-2021,2020-12-04,53,ACTE(VGP),moins de 65 ans,3443
2020-2021,2020-12-04,53,DOSES(J07E1),moins de 65 ans,10248
2020-2021,2020-12-05,54,ACTE(VGP),65 ans et plus,3863
2020-2021,2020-12-05,54,DOSES(J07E1),65 ans et plus,8717
2020-2021,2020-12-05,54,ACTE(VGP),moins de 65 ans,2143
2020-2021,2020-12-05,54,DOSES(J07E1),moins de 65 ans,6020
2020-2021,2020-12-06,55,ACTE(VGP),65 ans et plus,109
2020-2021,2020-12-06,55,DOSES(J07E1),65 ans et plus,274
2020-2021,2020-12-06,55,ACTE(VGP),moins de 65 ans,71
2020-2021,2020-12-06,55,DOSES(J07E1),moins de 65 ans,182
2020-2021,2020-12-07,56,ACTE(VGP),65 ans et plus,7117
2020-2021,2020-12-07,56,DOSES(J07E1),65 ans et plus,12985
2020-2021,2020-12-07,56,ACTE(VGP),moins de 65 ans,2649
2020-2021,2020-12-07,56,DOSES(J07E1),moins de 65 ans,7230
2020-2021,2020-12-08,57,ACTE(VGP),65 ans et plus,8375
2020-2021,2020-12-08,57,DOSES(J07E1),65 ans et plus,15149
2020-2021,2020-12-08,57,ACTE(VGP),moins de 65 ans,2712
2020-2021,2020-12-08,57,DOSES(J07E1),moins de 65 ans,7593
2020-2021,2020-12-09,58,ACTE(VGP),65 ans et plus,6816
2020-2021,2020-12-09,58,DOSES(J07E1),65 ans et plus,12164
2020-2021,2020-12-09,58,ACTE(VGP),moins de 65 ans,2473
2020-2021,2020-12-09,58,DOSES(J07E1),moins de 65 ans,7012
2020-2021,2020-12-10,59,ACTE(VGP),65 ans et plus,7137
2020-2021,2020-12-10,59,DOSES(J07E1),65 ans et plus,13672
2020-2021,2020-12-10,59,ACTE(VGP),moins de 65 ans,2377
2020-2021,2020-12-10,59,DOSES(J07E1),moins de 65 ans,6211
2020-2021,2020-12-11,60,ACTE(VGP),65 ans et plus,6631
2020-2021,2020-12-11,60,DOSES(J07E1),65 ans et plus,12408
2020-2021,2020-12-11,60,ACTE(VGP),moins de 65 ans,2227
2020-2021,2020-12-11,60,DOSES(J07E1),moins de 65 ans,6023
2020-2021,2020-12-12,61,ACTE(VGP),65 ans et plus,2567
2020-2021,2020-12-12,61,DOSES(J07E1),65 ans et plus,5263
2020-2021,2020-12-12,61,ACTE(VGP),moins de 65 ans,1360
2020-2021,2020-12-12,61,DOSES(J07E1),moins de 65 ans,3800
2020-2021,2020-12-13,62,ACTE(VGP),65 ans et plus,109
2020-2021,2020-12-13,62,DOSES(J07E1),65 ans et plus,90
2020-2021,2020-12-13,62,ACTE(VGP),moins de 65 ans,36
2020-2021,2020-12-13,62,DOSES(J07E1),moins de 65 ans,114
2020-2021,2020-12-14,63,ACTE(VGP),65 ans et plus,4779
2020-2021,2020-12-14,63,DOSES(J07E1),65 ans et plus,8680
2020-2021,2020-12-14,63,ACTE(VGP),moins de 65 ans,1731
2020-2021,2020-12-14,63,DOSES(J07E1),moins de 65 ans,4572
2020-2021,2020-12-15,64,ACTE(VGP),65 ans et plus,6025
2020-2021,2020-12-15,64,DOSES(J07E1),65 ans et plus,12492
2020-2021,2020-12-15,64,ACTE(VGP),moins de 65 ans,1841
2020-2021,2020-12-15,64,DOSES(J07E1),moins de 65 ans,5263
2020-2021,2020-12-16,65,ACTE(VGP),65 ans et plus,12565
2020-2021,2020-12-16,65,DOSES(J07E1),65 ans et plus,27746
2020-2021,2020-12-16,65,ACTE(VGP),moins de 65 ans,2234
2020-2021,2020-12-16,65,DOSES(J07E1),moins de 65 ans,6617
2020-2021,2020-12-17,66,ACTE(VGP),65 ans et plus,21500
2020-2021,2020-12-17,66,DOSES(J07E1),65 ans et plus,45411
2020-2021,2020-12-17,66,ACTE(VGP),moins de 65 ans,3068
2020-2021,2020-12-17,66,DOSES(J07E1),moins de 65 ans,8508
2020-2021,2020-12-18,67,ACTE(VGP),65 ans et plus,22716
2020-2021,2020-12-18,67,DOSES(J07E1),65 ans et plus,47026
2020-2021,2020-12-18,67,ACTE(VGP),moins de 65 ans,4288
2020-2021,2020-12-18,67,DOSES(J07E1),moins de 65 ans,12068
2020-2021,2020-12-19,68,ACTE(VGP),65 ans et plus,10864
2020-2021,2020-12-19,68,DOSES(J07E1),65 ans et plus,25139
2020-2021,2020-12-19,68,ACTE(VGP),moins de 65 ans,3743
2020-2021,2020-12-19,68,DOSES(J07E1),moins de 65 ans,10435
2020-2021,2020-12-20,69,ACTE(VGP),65 ans et plus,159
2020-2021,2020-12-20,69,DOSES(J07E1),65 ans et plus,364
2020-2021,2020-12-20,69,ACTE(VGP),moins de 65 ans,68
2020-2021,2020-12-20,69,DOSES(J07E1),moins de 65 ans,142
2020-2021,2020-12-21,70,ACTE(VGP),65 ans et plus,14026
2020-2021,2020-12-21,70,DOSES(J07E1),65 ans et plus,28868
2020-2021,2020-12-21,70,ACTE(VGP),moins de 65 ans,4824
2020-2021,2020-12-21,70,DOSES(J07E1),moins de 65 ans,13527
2020-2021,2020-12-22,71,ACTE(VGP),65 ans et plus,14930
2020-2021,2020-12-22,71,DOSES(J07E1),65 ans et plus,32455
2020-2021,2020-12-22,71,ACTE(VGP),moins de 65 ans,7210
2020-2021,2020-12-22,71,DOSES(J07E1),moins de 65 ans,21874
2020-2021,2020-12-23,72,ACTE(VGP),65 ans et plus,10700
2020-2021,2020-12-23,72,DOSES(J07E1),65 ans et plus,25087
2020-2021,2020-12-23,72,ACTE(VGP),moins de 65 ans,6475
2020-2021,2020-12-23,72,DOSES(J07E1),moins de 65 ans,21557
2020-2021,2020-12-24,73,ACTE(VGP),65 ans et plus,5287
2020-2021,2020-12-24,73,DOSES(J07E1),65 ans et plus,13709
2020-2021,2020-12-24,73,ACTE(VGP),moins de 65 ans,3746
2020-2021,2020-12-24,73,DOSES(J07E1),moins de 65 ans,13928
2020-2021,2020-12-25,74,ACTE(VGP),65 ans et plus,100
2020-2021,2020-12-25,74,DOSES(J07E1),65 ans et plus,88
2020-2021,2020-12-25,74,ACTE(VGP),moins de 65 ans,34
2020-2021,2020-12-25,74,DOSES(J07E1),moins de 65 ans,97
2020-2021,2020-12-26,75,ACTE(VGP),65 ans et plus,3624
2020-2021,2020-12-26,75,DOSES(J07E1),65 ans et plus,7685
2020-2021,2020-12-26,75,ACTE(VGP),moins de 65 ans,2609
2020-2021,2020-12-26,75,DOSES(J07E1),moins de 65 ans,7964
2020-2021,2020-12-27,76,ACTE(VGP),65 ans et plus,242
2020-2021,2020-12-27,76,DOSES(J07E1),65 ans et plus,145
2020-2021,2020-12-27,76,ACTE(VGP),moins de 65 ans,63
2020-2021,2020-12-27,76,DOSES(J07E1),moins de 65 ans,115
2020-2021,2020-12-28,77,ACTE(VGP),65 ans et plus,7771
2020-2021,2020-12-28,77,DOSES(J07E1),65 ans et plus,15204
2020-2021,2020-12-28,77,ACTE(VGP),moins de 65 ans,5290
2020-2021,2020-12-28,77,DOSES(J07E1),moins de 65 ans,15025
2020-2021,2020-12-29,78,ACTE(VGP),65 ans et plus,8002
2020-2021,2020-12-29,78,DOSES(J07E1),65 ans et plus,16318
2020-2021,2020-12-29,78,ACTE(VGP),moins de 65 ans,5731
2020-2021,2020-12-29,78,DOSES(J07E1),moins de 65 ans,16852
2020-2021,2020-12-30,79,ACTE(VGP),65 ans et plus,6170
2020-2021,2020-12-30,79,DOSES(J07E1),65 ans et plus,13139
2020-2021,2020-12-30,79,ACTE(VGP),moins de 65 ans,5101
2020-2021,2020-12-30,79,DOSES(J07E1),moins de 65 ans,15223
2020-2021,2020-12-31,80,ACTE(VGP),65 ans et plus,3888
2020-2021,2020-12-31,80,DOSES(J07E1),65 ans et plus,8481
2020-2021,2020-12-31,80,ACTE(VGP),moins de 65 ans,3086
2020-2021,2020-12-31,80,DOSES(J07E1),moins de 65 ans,10342
2020-2021,2021-01-01,81,ACTE(VGP),65 ans et plus,63
2020-2021,2021-01-01,81,DOSES(J07E1),65 ans et plus,106
2020-2021,2021-01-01,81,ACTE(VGP),moins de 65 ans,42
2020-2021,2021-01-01,81,DOSES(J07E1),moins de 65 ans,92
2020-2021,2021-01-02,82,ACTE(VGP),65 ans et plus,1944
2020-2021,2021-01-02,82,DOSES(J07E1),65 ans et plus,4097
2020-2021,2021-01-02,82,ACTE(VGP),moins de 65 ans,1806
2020-2021,2021-01-02,82,DOSES(J07E1),moins de 65 ans,5844
2020-2021,2021-01-03,83,ACTE(VGP),65 ans et plus,29
2020-2021,2021-01-03,83,DOSES(J07E1),65 ans et plus,87
2020-2021,2021-01-03,83,ACTE(VGP),moins de 65 ans,26
2020-2021,2021-01-03,83,DOSES(J07E1),moins de 65 ans,102
2020-2021,2021-01-04,84,ACTE(VGP),65 ans et plus,4910
2020-2021,2021-01-04,84,DOSES(J07E1),65 ans et plus,8709
2020-2021,2021-01-04,84,ACTE(VGP),moins de 65 ans,3463
2020-2021,2021-01-04,84,DOSES(J07E1),moins de 65 ans,11057
2020-2021,2021-01-05,85,ACTE(VGP),65 ans et plus,5169
2020-2021,2021-01-05,85,DOSES(J07E1),65 ans et plus,10448
2020-2021,2021-01-05,85,ACTE(VGP),moins de 65 ans,3489
2020-2021,2021-01-05,85,DOSES(J07E1),moins de 65 ans,12360
2020-2021,2021-01-06,86,ACTE(VGP),65 ans et plus,4220
2020-2021,2021-01-06,86,DOSES(J07E1),65 ans et plus,7749
2020-2021,2021-01-06,86,ACTE(VGP),moins de 65 ans,2914
2020-2021,2021-01-06,86,DOSES(J07E1),moins de 65 ans,10779
2020-2021,2021-01-07,87,ACTE(VGP),65 ans et plus,3957
2020-2021,2021-01-07,87,DOSES(J07E1),65 ans et plus,7149
2020-2021,2021-01-07,87,ACTE(VGP),moins de 65 ans,2701
2020-2021,2021-01-07,87,DOSES(J07E1),moins de 65 ans,9996
2020-2021,2021-01-08,88,ACTE(VGP),65 ans et plus,3374
2020-2021,2021-01-08,88,DOSES(J07E1),65 ans et plus,6259
2020-2021,2021-01-08,88,ACTE(VGP),moins de 65 ans,2577
2020-2021,2021-01-08,88,DOSES(J07E1),moins de 65 ans,9266
2020-2021,2021-01-09,89,ACTE(VGP),65 ans et plus,1389
2020-2021,2021-01-09,89,DOSES(J07E1),65 ans et plus,3042
2020-2021,2021-01-09,89,ACTE(VGP),moins de 65 ans,1706
2020-2021,2021-01-09,89,DOSES(J07E1),moins de 65 ans,6178
2020-2021,2021-01-10,90,ACTE(VGP),65 ans et plus,43
2020-2021,2021-01-10,90,DOSES(J07E1),65 ans et plus,50
2020-2021,2021-01-10,90,ACTE(VGP),moins de 65 ans,39
2020-2021,2021-01-10,90,DOSES(J07E1),moins de 65 ans,68
2020-2021,2021-01-11,91,ACTE(VGP),65 ans et plus,2613
2020-2021,2021-01-11,91,DOSES(J07E1),65 ans et plus,4482
2020-2021,2021-01-11,91,ACTE(VGP),moins de 65 ans,1871
2020-2021,2021-01-11,91,DOSES(J07E1),moins de 65 ans,6095
2020-2021,2021-01-12,92,ACTE(VGP),65 ans et plus,2538
2020-2021,2021-01-12,92,DOSES(J07E1),65 ans et plus,4695
2020-2021,2021-01-12,92,ACTE(VGP),moins de 65 ans,1961
2020-2021,2021-01-12,92,DOSES(J07E1),moins de 65 ans,6431
2020-2021,2021-01-13,93,ACTE(VGP),65 ans et plus,1963
2020-2021,2021-01-13,93,DOSES(J07E1),65 ans et plus,3767
2020-2021,2021-01-13,93,ACTE(VGP),moins de 65 ans,1409
2020-2021,2021-01-13,93,DOSES(J07E1),moins de 65 ans,5345
2020-2021,2021-01-14,94,ACTE(VGP),65 ans et plus,1929
2020-2021,2021-01-14,94,DOSES(J07E1),65 ans et plus,3709
2020-2021,2021-01-14,94,ACTE(VGP),moins de 65 ans,1314
2020-2021,2021-01-14,94,DOSES(J07E1),moins de 65 ans,4126
2020-2021,2021-01-15,95,ACTE(VGP),65 ans et plus,1868
2020-2021,2021-01-15,95,DOSES(J07E1),65 ans et plus,3252
2020-2021,2021-01-15,95,ACTE(VGP),moins de 65 ans,1424
2020-2021,2021-01-15,95,DOSES(J07E1),moins de 65 ans,4712
2020-2021,2021-01-16,96,ACTE(VGP),65 ans et plus,738
2020-2021,2021-01-16,96,DOSES(J07E1),65 ans et plus,1418
2020-2021,2021-01-16,96,ACTE(VGP),moins de 65 ans,875
2020-2021,2021-01-16,96,DOSES(J07E1),moins de 65 ans,3024
2020-2021,2021-01-17,97,ACTE(VGP),65 ans et plus,53
2020-2021,2021-01-17,97,DOSES(J07E1),65 ans et plus,92
2020-2021,2021-01-17,97,ACTE(VGP),moins de 65 ans,25
2020-2021,2021-01-17,97,DOSES(J07E1),moins de 65 ans,59
2020-2021,2021-01-18,98,ACTE(VGP),65 ans et plus,1659
2020-2021,2021-01-18,98,DOSES(J07E1),65 ans et plus,2599
2020-2021,2021-01-18,98,ACTE(VGP),moins de 65 ans,1166
2020-2021,2021-01-18,98,DOSES(J07E1),moins de 65 ans,3806
2020-2021,2021-01-19,99,ACTE(VGP),65 ans et plus,1517
2020-2021,2021-01-19,99,DOSES(J07E1),65 ans et plus,3045
2020-2021,2021-01-19,99,ACTE(VGP),moins de 65 ans,1186
2020-2021,2021-01-19,99,DOSES(J07E1),moins de 65 ans,3750
2020-2021,2021-01-20,100,ACTE(VGP),65 ans et plus,1168
2020-2021,2021-01-20,100,DOSES(J07E1),65 ans et plus,2416
2020-2021,2021-01-20,100,ACTE(VGP),moins de 65 ans,843
2020-2021,2021-01-20,100,DOSES(J07E1),moins de 65 ans,3061
2020-2021,2021-01-21,101,ACTE(VGP),65 ans et plus,1273
2020-2021,2021-01-21,101,DOSES(J07E1),65 ans et plus,2449
2020-2021,2021-01-21,101,ACTE(VGP),moins de 65 ans,896
2020-2021,2021-01-21,101,DOSES(J07E1),moins de 65 ans,2967
2020-2021,2021-01-22,102,ACTE(VGP),65 ans et plus,1257
2020-2021,2021-01-22,102,DOSES(J07E1),65 ans et plus,2091
2020-2021,2021-01-22,102,ACTE(VGP),moins de 65 ans,906
2020-2021,2021-01-22,102,DOSES(J07E1),moins de 65 ans,2956
2020-2021,2021-01-23,103,ACTE(VGP),65 ans et plus,443
2020-2021,2021-01-23,103,DOSES(J07E1),65 ans et plus,1061
2020-2021,2021-01-23,103,ACTE(VGP),moins de 65 ans,520
2020-2021,2021-01-23,103,DOSES(J07E1),moins de 65 ans,1868
2020-2021,2021-01-24,104,ACTE(VGP),65 ans et plus,44
2020-2021,2021-01-24,104,DOSES(J07E1),65 ans et plus,60
2020-2021,2021-01-24,104,ACTE(VGP),moins de 65 ans,19
2020-2021,2021-01-24,104,DOSES(J07E1),moins de 65 ans,74
2020-2021,2021-01-25,105,ACTE(VGP),65 ans et plus,1079
2020-2021,2021-01-25,105,DOSES(J07E1),65 ans et plus,1699
2020-2021,2021-01-25,105,ACTE(VGP),moins de 65 ans,866
2020-2021,2021-01-25,105,DOSES(J07E1),moins de 65 ans,2156
2020-2021,2021-01-26,106,ACTE(VGP),65 ans et plus,1013
2020-2021,2021-01-26,106,DOSES(J07E1),65 ans et plus,1808
2020-2021,2021-01-26,106,ACTE(VGP),moins de 65 ans,733
2020-2021,2021-01-26,106,DOSES(J07E1),moins de 65 ans,2315
2020-2021,2021-01-27,107,ACTE(VGP),65 ans et plus,904
2020-2021,2021-01-27,107,DOSES(J07E1),65 ans et plus,1458
2020-2021,2021-01-27,107,ACTE(VGP),moins de 65 ans,580
2020-2021,2021-01-27,107,DOSES(J07E1),moins de 65 ans,2189
2020-2021,2021-01-28,108,ACTE(VGP),65 ans et plus,816
2020-2021,2021-01-28,108,DOSES(J07E1),65 ans et plus,1484
2020-2021,2021-01-28,108,ACTE(VGP),moins de 65 ans,585
2020-2021,2021-01-28,108,DOSES(J07E1),moins de 65 ans,1885
2020-2021,2021-01-29,109,ACTE(VGP),65 ans et plus,835
2020-2021,2021-01-29,109,DOSES(J07E1),65 ans et plus,1654
2020-2021,2021-01-29,109,ACTE(VGP),moins de 65 ans,688
2020-2021,2021-01-29,109,DOSES(J07E1),moins de 65 ans,1977
2020-2021,2021-01-30,110,ACTE(VGP),65 ans et plus,492
2020-2021,2021-01-30,110,DOSES(J07E1),65 ans et plus,770
2020-2021,2021-01-30,110,ACTE(VGP),moins de 65 ans,425
2020-2021,2021-01-30,110,DOSES(J07E1),moins de 65 ans,1239
2020-2021,2021-01-31,111,ACTE(VGP),65 ans et plus,85
2020-2021,2021-01-31,111,DOSES(J07E1),65 ans et plus,70
2020-2021,2021-01-31,111,ACTE(VGP),moins de 65 ans,22
2020-2021,2021-01-31,111,DOSES(J07E1),moins de 65 ans,74
2020-2021,2021-02-01,112,ACTE(VGP),65 ans et plus,510
2020-2021,2021-02-01,112,DOSES(J07E1),65 ans et plus,754
2020-2021,2021-02-01,112,ACTE(VGP),moins de 65 ans,367
2020-2021,2021-02-01,112,DOSES(J07E1),moins de 65 ans,1274
2020-2021,2021-02-02,113,ACTE(VGP),65 ans et plus,494
2020-2021,2021-02-02,113,DOSES(J07E1),65 ans et plus,806
2020-2021,2021-02-02,113,ACTE(VGP),moins de 65 ans,430
2020-2021,2021-02-02,113,DOSES(J07E1),moins de 65 ans,1324
2020-2021,2021-02-03,114,ACTE(VGP),65 ans et plus,595
2020-2021,2021-02-03,114,DOSES(J07E1),65 ans et plus,681
2020-2021,2021-02-03,114,ACTE(VGP),moins de 65 ans,389
2020-2021,2021-02-03,114,DOSES(J07E1),moins de 65 ans,1075
2020-2021,2021-02-04,115,ACTE(VGP),65 ans et plus,509
2020-2021,2021-02-04,115,DOSES(J07E1),65 ans et plus,623
2020-2021,2021-02-04,115,ACTE(VGP),moins de 65 ans,346
2020-2021,2021-02-04,115,DOSES(J07E1),moins de 65 ans,1005
2020-2021,2021-02-05,116,ACTE(VGP),65 ans et plus,433
2020-2021,2021-02-05,116,DOSES(J07E1),65 ans et plus,558
2020-2021,2021-02-05,116,ACTE(VGP),moins de 65 ans,319
2020-2021,2021-02-05,116,DOSES(J07E1),moins de 65 ans,891
2020-2021,2021-02-06,117,ACTE(VGP),65 ans et plus,188
2020-2021,2021-02-06,117,DOSES(J07E1),65 ans et plus,304
2020-2021,2021-02-06,117,ACTE(VGP),moins de 65 ans,193
2020-2021,2021-02-06,117,DOSES(J07E1),moins de 65 ans,541
2020-2021,2021-02-07,118,ACTE(VGP),65 ans et plus,16
2020-2021,2021-02-07,118,DOSES(J07E1),65 ans et plus,14
2020-2021,2021-02-07,118,ACTE(VGP),moins de 65 ans,8
2020-2021,2021-02-07,118,DOSES(J07E1),moins de 65 ans,28
2020-2021,2021-02-08,119,ACTE(VGP),65 ans et plus,484
2020-2021,2021-02-08,119,DOSES(J07E1),65 ans et plus,392
2020-2021,2021-02-08,119,ACTE(VGP),moins de 65 ans,280
2020-2021,2021-02-08,119,DOSES(J07E1),moins de 65 ans,715
2020-2021,2021-02-09,120,ACTE(VGP),65 ans et plus,392
2020-2021,2021-02-09,120,DOSES(J07E1),65 ans et plus,443
2020-2021,2021-02-09,120,ACTE(VGP),moins de 65 ans,299
2020-2021,2021-02-09,120,DOSES(J07E1),moins de 65 ans,806
2020-2021,2021-02-10,121,ACTE(VGP),65 ans et plus,476
2020-2021,2021-02-10,121,DOSES(J07E1),65 ans et plus,333
2020-2021,2021-02-10,121,ACTE(VGP),moins de 65 ans,259
2020-2021,2021-02-10,121,DOSES(J07E1),moins de 65 ans,547
2020-2021,2021-02-11,122,ACTE(VGP),65 ans et plus,478
2020-2021,2021-02-11,122,DOSES(J07E1),65 ans et plus,384
2020-2021,2021-02-11,122,ACTE(VGP),moins de 65 ans,237
2020-2021,2021-02-11,122,DOSES(J07E1),moins de 65 ans,679
2020-2021,2021-02-12,123,ACTE(VGP),65 ans et plus,409
2020-2021,2021-02-12,123,DOSES(J07E1),65 ans et plus,354
2020-2021,2021-02-12,123,ACTE(VGP),moins de 65 ans,213
2020-2021,2021-02-12,123,DOSES(J07E1),moins de 65 ans,508
2020-2021,2021-02-13,124,ACTE(VGP),65 ans et plus,114
2020-2021,2021-02-13,124,DOSES(J07E1),65 ans et plus,169
2020-2021,2021-02-13,124,ACTE(VGP),moins de 65 ans,120
2020-2021,2021-02-13,124,DOSES(J07E1),moins de 65 ans,318
2020-2021,2021-02-14,125,ACTE(VGP),65 ans et plus,20
2020-2021,2021-02-14,125,DOSES(J07E1),65 ans et plus,7
2020-2021,2021-02-14,125,ACTE(VGP),moins de 65 ans,18
2020-2021,2021-02-14,125,DOSES(J07E1),moins de 65 ans,14
2020-2021,2021-02-15,126,ACTE(VGP),65 ans et plus,285
2020-2021,2021-02-15,126,DOSES(J07E1),65 ans et plus,292
2020-2021,2021-02-15,126,ACTE(VGP),moins de 65 ans,159
2020-2021,2021-02-15,126,DOSES(J07E1),moins de 65 ans,510
2020-2021,2021-02-16,127,ACTE(VGP),65 ans et plus,363
2020-2021,2021-02-16,127,DOSES(J07E1),65 ans et plus,308
2020-2021,2021-02-16,127,ACTE(VGP),moins de 65 ans,197
2020-2021,2021-02-16,127,DOSES(J07E1),moins de 65 ans,576
2020-2021,2021-02-17,128,ACTE(VGP),65 ans et plus,322
2020-2021,2021-02-17,128,DOSES(J07E1),65 ans et plus,243
2020-2021,2021-02-17,128,ACTE(VGP),moins de 65 ans,212
2020-2021,2021-02-17,128,DOSES(J07E1),moins de 65 ans,440
2020-2021,2021-02-18,129,ACTE(VGP),65 ans et plus,270
2020-2021,2021-02-18,129,DOSES(J07E1),65 ans et plus,309
2020-2021,2021-02-18,129,ACTE(VGP),moins de 65 ans,155
2020-2021,2021-02-18,129,DOSES(J07E1),moins de 65 ans,449
2020-2021,2021-02-19,130,ACTE(VGP),65 ans et plus,281
2020-2021,2021-02-19,130,DOSES(J07E1),65 ans et plus,223
2020-2021,2021-02-19,130,ACTE(VGP),moins de 65 ans,208
2020-2021,2021-02-19,130,DOSES(J07E1),moins de 65 ans,369
2020-2021,2021-02-20,131,ACTE(VGP),65 ans et plus,100
2020-2021,2021-02-20,131,DOSES(J07E1),65 ans et plus,235
2020-2021,2021-02-20,131,ACTE(VGP),moins de 65 ans,67
2020-2021,2021-02-20,131,DOSES(J07E1),moins de 65 ans,403
2020-2021,2021-02-21,132,ACTE(VGP),65 ans et plus,8
2020-2021,2021-02-21,132,DOSES(J07E1),65 ans et plus,4
2020-2021,2021-02-21,132,ACTE(VGP),moins de 65 ans,5
2020-2021,2021-02-21,132,DOSES(J07E1),moins de 65 ans,18
2020-2021,2021-02-22,133,ACTE(VGP),65 ans et plus,223
2020-2021,2021-02-22,133,DOSES(J07E1),65 ans et plus,172
2020-2021,2021-02-22,133,ACTE(VGP),moins de 65 ans,128
2020-2021,2021-02-22,133,DOSES(J07E1),moins de 65 ans,374
2020-2021,2021-02-23,134,ACTE(VGP),65 ans et plus,378
2020-2021,2021-02-23,134,DOSES(J07E1),65 ans et plus,200
2020-2021,2021-02-23,134,ACTE(VGP),moins de 65 ans,186
2020-2021,2021-02-23,134,DOSES(J07E1),moins de 65 ans,461
2020-2021,2021-02-24,135,ACTE(VGP),65 ans et plus,214
2020-2021,2021-02-24,135,DOSES(J07E1),65 ans et plus,179
2020-2021,2021-02-24,135,ACTE(VGP),moins de 65 ans,145
2020-2021,2021-02-24,135,DOSES(J07E1),moins de 65 ans,376
2020-2021,2021-02-25,136,ACTE(VGP),65 ans et plus,263
2020-2021,2021-02-25,136,DOSES(J07E1),65 ans et plus,159
2020-2021,2021-02-25,136,ACTE(VGP),moins de 65 ans,116
2020-2021,2021-02-25,136,DOSES(J07E1),moins de 65 ans,290
2020-2021,2021-02-26,137,ACTE(VGP),65 ans et plus,212
2020-2021,2021-02-26,137,DOSES(J07E1),65 ans et plus,198
2020-2021,2021-02-26,137,ACTE(VGP),moins de 65 ans,129
2020-2021,2021-02-26,137,DOSES(J07E1),moins de 65 ans,366
2020-2021,2021-02-27,138,ACTE(VGP),65 ans et plus,91
2020-2021,2021-02-27,138,DOSES(J07E1),65 ans et plus,81
2020-2021,2021-02-27,138,ACTE(VGP),moins de 65 ans,82
2020-2021,2021-02-27,138,DOSES(J07E1),moins de 65 ans,291
2020-2021,2021-02-28,139,ACTE(VGP),65 ans et plus,21
2020-2021,2021-02-28,139,DOSES(J07E1),65 ans et plus,21
2020-2021,2021-02-28,139,ACTE(VGP),moins de 65 ans,19
2020-2021,2021-02-28,139,DOSES(J07E1),moins de 65 ans,20
2021-2022,2021-10-22,1,ACTE(VGP),65 ans et plus,117217
2021-2022,2021-10-22,1,DOSES(J07E1),65 ans et plus,567525
2021-2022,2021-10-22,1,ACTE(VGP),moins de 65 ans,24537
2021-2022,2021-10-22,1,DOSES(J07E1),moins de 65 ans,111876
2021-2022,2021-10-23,2,ACTE(VGP),65 ans et plus,42728
2021-2022,2021-10-23,2,DOSES(J07E1),65 ans et plus,234990
2021-2022,2021-10-23,2,ACTE(VGP),moins de 65 ans,12205
2021-2022,2021-10-23,2,DOSES(J07E1),moins de 65 ans,54861
2021-2022,2021-10-24,3,ACTE(VGP),65 ans et plus,351
2021-2022,2021-10-24,3,DOSES(J07E1),65 ans et plus,2005
2021-2022,2021-10-24,3,ACTE(VGP),moins de 65 ans,167
2021-2022,2021-10-24,3,DOSES(J07E1),moins de 65 ans,668
2021-2022,2021-10-25,4,ACTE(VGP),65 ans et plus,110893
2021-2022,2021-10-25,4,DOSES(J07E1),65 ans et plus,385369
2021-2022,2021-10-25,4,ACTE(VGP),moins de 65 ans,21386
2021-2022,2021-10-25,4,DOSES(J07E1),moins de 65 ans,77941
2021-2022,2021-10-26,5,ACTE(VGP),65 ans et plus,184509
2021-2022,2021-10-26,5,DOSES(J07E1),65 ans et plus,604048
2021-2022,2021-10-26,5,ACTE(VGP),moins de 65 ans,37721
2021-2022,2021-10-26,5,DOSES(J07E1),moins de 65 ans,121794
2021-2022,2021-10-27,6,ACTE(VGP),65 ans et plus,127418
2021-2022,2021-10-27,6,DOSES(J07E1),65 ans et plus,406922
2021-2022,2021-10-27,6,ACTE(VGP),moins de 65 ans,26888
2021-2022,2021-10-27,6,DOSES(J07E1),moins de 65 ans,86346
2021-2022,2021-10-28,7,ACTE(VGP),65 ans et plus,115587
2021-2022,2021-10-28,7,DOSES(J07E1),65 ans et plus,344925
2021-2022,2021-10-28,7,ACTE(VGP),moins de 65 ans,24361
2021-2022,2021-10-28,7,DOSES(J07E1),moins de 65 ans,74740
2021-2022,2021-10-29,8,ACTE(VGP),65 ans et plus,102452
2021-2022,2021-10-29,8,DOSES(J07E1),65 ans et plus,303682
2021-2022,2021-10-29,8,ACTE(VGP),moins de 65 ans,24371
2021-2022,2021-10-29,8,DOSES(J07E1),moins de 65 ans,72756
2021-2022,2021-10-30,9,ACTE(VGP),65 ans et plus,35504
2021-2022,2021-10-30,9,DOSES(J07E1),65 ans et plus,141989
2021-2022,2021-10-30,9,ACTE(VGP),moins de 65 ans,14001
2021-2022,2021-10-30,9,DOSES(J07E1),moins de 65 ans,44674
2021-2022,2021-10-31,10,ACTE(VGP),65 ans et plus,464
2021-2022,2021-10-31,10,DOSES(J07E1),65 ans et plus,1500
2021-2022,2021-10-31,10,ACTE(VGP),moins de 65 ans,172
2021-2022,2021-10-31,10,DOSES(J07E1),moins de 65 ans,579
2021-2022,2021-11-01,11,ACTE(VGP),65 ans et plus,852
2021-2022,2021-11-01,11,DOSES(J07E1),65 ans et plus,2401
2021-2022,2021-11-01,11,ACTE(VGP),moins de 65 ans,313
2021-2022,2021-11-01,11,DOSES(J07E1),moins de 65 ans,854
2021-2022,2021-11-02,12,ACTE(VGP),65 ans et plus,151892
2021-2022,2021-11-02,12,DOSES(J07E1),65 ans et plus,399202
2021-2022,2021-11-02,12,ACTE(VGP),moins de 65 ans,28909
2021-2022,2021-11-02,12,DOSES(J07E1),moins de 65 ans,82752
2021-2022,2021-11-03,13,ACTE(VGP),65 ans et plus,132283
2021-2022,2021-11-03,13,DOSES(J07E1),65 ans et plus,337307
2021-2022,2021-11-03,13,ACTE(VGP),moins de 65 ans,25122
2021-2022,2021-11-03,13,DOSES(J07E1),moins de 65 ans,73352
2021-2022,2021-11-04,14,ACTE(VGP),65 ans et plus,124827
2021-2022,2021-11-04,14,DOSES(J07E1),65 ans et plus,306386
2021-2022,2021-11-04,14,ACTE(VGP),moins de 65 ans,24211
2021-2022,2021-11-04,14,DOSES(J07E1),moins de 65 ans,68462
2021-2022,2021-11-05,15,ACTE(VGP),65 ans et plus,120242
2021-2022,2021-11-05,15,DOSES(J07E1),65 ans et plus,287367
2021-2022,2021-11-05,15,ACTE(VGP),moins de 65 ans,26376
2021-2022,2021-11-05,15,DOSES(J07E1),moins de 65 ans,70877
2021-2022,2021-11-06,16,ACTE(VGP),65 ans et plus,41072
2021-2022,2021-11-06,16,DOSES(J07E1),65 ans et plus,134290
2021-2022,2021-11-06,16,ACTE(VGP),moins de 65 ans,15313
2021-2022,2021-11-06,16,DOSES(J07E1),moins de 65 ans,45852
2021-2022,2021-11-07,17,ACTE(VGP),65 ans et plus,515
2021-2022,2021-11-07,17,DOSES(J07E1),65 ans et plus,1257
2021-2022,2021-11-07,17,ACTE(VGP),moins de 65 ans,163
2021-2022,2021-11-07,17,DOSES(J07E1),moins de 65 ans,534
2021-2022,2021-11-08,18,ACTE(VGP),65 ans et plus,131120
2021-2022,2021-11-08,18,DOSES(J07E1),65 ans et plus,290012
2021-2022,2021-11-08,18,ACTE(VGP),moins de 65 ans,25307
2021-2022,2021-11-08,18,DOSES(J07E1),moins de 65 ans,68898
2021-2022,2021-11-09,19,ACTE(VGP),65 ans et plus,144903
2021-2022,2021-11-09,19,DOSES(J07E1),65 ans et plus,307027
2021-2022,2021-11-09,19,ACTE(VGP),moins de 65 ans,25984
2021-2022,2021-11-09,19,DOSES(J07E1),moins de 65 ans,69824
2021-2022,2021-11-10,20,ACTE(VGP),65 ans et plus,125243
2021-2022,2021-11-10,20,DOSES(J07E1),65 ans et plus,268875
2021-2022,2021-11-10,20,ACTE(VGP),moins de 65 ans,26073
2021-2022,2021-11-10,20,DOSES(J07E1),moins de 65 ans,71699
2021-2022,2021-11-11,21,ACTE(VGP),65 ans et plus,1078
2021-2022,2021-11-11,21,DOSES(J07E1),65 ans et plus,2678
2021-2022,2021-11-11,21,ACTE(VGP),moins de 65 ans,408
2021-2022,2021-11-11,21,DOSES(J07E1),moins de 65 ans,1196
2021-2022,2021-11-12,22,ACTE(VGP),65 ans et plus,126354
2021-2022,2021-11-12,22,DOSES(J07E1),65 ans et plus,261935
2021-2022,2021-11-12,22,ACTE(VGP),moins de 65 ans,28142
2021-2022,2021-11-12,22,DOSES(J07E1),moins de 65 ans,70635
2021-2022,2021-11-13,23,ACTE(VGP),65 ans et plus,35947
2021-2022,2021-11-13,23,DOSES(J07E1),65 ans et plus,101066
2021-2022,2021-11-13,23,ACTE(VGP),moins de 65 ans,12773
2021-2022,2021-11-13,23,DOSES(J07E1),moins de 65 ans,36667
2021-2022,2021-11-14,24,ACTE(VGP),65 ans et plus,360
2021-2022,2021-11-14,24,DOSES(J07E1),65 ans et plus,1064
2021-2022,2021-11-14,24,ACTE(VGP),moins de 65 ans,213
2021-2022,2021-11-14,24,DOSES(J07E1),moins de 65 ans,586
2021-2022,2021-11-15,25,ACTE(VGP),65 ans et plus,117396
2021-2022,2021-11-15,25,DOSES(J07E1),65 ans et plus,230292
2021-2022,2021-11-15,25,ACTE(VGP),moins de 65 ans,23842
2021-2022,2021-11-15,25,DOSES(J07E1),moins de 65 ans,61887
2021-2022,2021-11-16,26,ACTE(VGP),65 ans et plus,125888
2021-2022,2021-11-16,26,DOSES(J07E1),65 ans et plus,240472
2021-2022,2021-11-16,26,ACTE(VGP),moins de 65 ans,24456
2021-2022,2021-11-16,26,DOSES(J07E1),moins de 65 ans,64631
2021-2022,2021-11-17,27,ACTE(VGP),65 ans et plus,92746
2021-2022,2021-11-17,27,DOSES(J07E1),65 ans et plus,184207
2021-2022,2021-11-17,27,ACTE(VGP),moins de 65 ans,21064
2021-2022,2021-11-17,27,DOSES(J07E1),moins de 65 ans,58361
2021-2022,2021-11-18,28,ACTE(VGP),65 ans et plus,91857
2021-2022,2021-11-18,28,DOSES(J07E1),65 ans et plus,174239
2021-2022,2021-11-18,28,ACTE(VGP),moins de 65 ans,20834
2021-2022,2021-11-18,28,DOSES(J07E1),moins de 65 ans,55015
2021-2022,2021-11-19,29,ACTE(VGP),65 ans et plus,80696
2021-2022,2021-11-19,29,DOSES(J07E1),65 ans et plus,151235
2021-2022,2021-11-19,29,ACTE(VGP),moins de 65 ans,22749
2021-2022,2021-11-19,29,DOSES(J07E1),moins de 65 ans,56755
2021-2022,2021-11-20,30,ACTE(VGP),65 ans et plus,24327
2021-2022,2021-11-20,30,DOSES(J07E1),65 ans et plus,62566
2021-2022,2021-11-20,30,ACTE(VGP),moins de 65 ans,13726
2021-2022,2021-11-20,30,DOSES(J07E1),moins de 65 ans,38569
2021-2022,2021-11-21,31,ACTE(VGP),65 ans et plus,292
2021-2022,2021-11-21,31,DOSES(J07E1),65 ans et plus,771
2021-2022,2021-11-21,31,ACTE(VGP),moins de 65 ans,143
2021-2022,2021-11-21,31,DOSES(J07E1),moins de 65 ans,480
2021-2022,2021-11-22,32,ACTE(VGP),65 ans et plus,75255
2021-2022,2021-11-22,32,DOSES(J07E1),65 ans et plus,139859
2021-2022,2021-11-22,32,ACTE(VGP),moins de 65 ans,28861
2021-2022,2021-11-22,32,DOSES(J07E1),moins de 65 ans,82538
2021-2022,2021-11-23,33,ACTE(VGP),65 ans et plus,80437
2021-2022,2021-11-23,33,DOSES(J07E1),65 ans et plus,145563
2021-2022,2021-11-23,33,ACTE(VGP),moins de 65 ans,31783
2021-2022,2021-11-23,33,DOSES(J07E1),moins de 65 ans,85607
2021-2022,2021-11-24,34,ACTE(VGP),65 ans et plus,58897
2021-2022,2021-11-24,34,DOSES(J07E1),65 ans et plus,108954
2021-2022,2021-11-24,34,ACTE(VGP),moins de 65 ans,25243
2021-2022,2021-11-24,34,DOSES(J07E1),moins de 65 ans,68446
2021-2022,2021-11-25,35,ACTE(VGP),65 ans et plus,58293
2021-2022,2021-11-25,35,DOSES(J07E1),65 ans et plus,105921
2021-2022,2021-11-25,35,ACTE(VGP),moins de 65 ans,24659
2021-2022,2021-11-25,35,DOSES(J07E1),moins de 65 ans,62553
2021-2022,2021-11-26,36,ACTE(VGP),65 ans et plus,56424
2021-2022,2021-11-26,36,DOSES(J07E1),65 ans et plus,99072
2021-2022,2021-11-26,36,ACTE(VGP),moins de 65 ans,28494
2021-2022,2021-11-26,36,DOSES(J07E1),moins de 65 ans,67379
2021-2022,2021-11-27,37,ACTE(VGP),65 ans et plus,16010
2021-2022,2021-11-27,37,DOSES(J07E1),65 ans et plus,38724
2021-2022,2021-11-27,37,ACTE(VGP),moins de 65 ans,17077
2021-2022,2021-11-27,37,DOSES(J07E1),moins de 65 ans,42211
2021-2022,2021-11-28,38,ACTE(VGP),65 ans et plus,312
2021-2022,2021-11-28,38,DOSES(J07E1),65 ans et plus,593
2021-2022,2021-11-28,38,ACTE(VGP),moins de 65 ans,241
2021-2022,2021-11-28,38,DOSES(J07E1),moins de 65 ans,638
2021-2022,2021-11-29,39,ACTE(VGP),65 ans et plus,47378
2021-2022,2021-11-29,39,DOSES(J07E1),65 ans et plus,86001
2021-2022,2021-11-29,39,ACTE(VGP),moins de 65 ans,21273
2021-2022,2021-11-29,39,DOSES(J07E1),moins de 65 ans,51357
2021-2022,2021-11-30,40,ACTE(VGP),65 ans et plus,54192
2021-2022,2021-11-30,40,DOSES(J07E1),65 ans et plus,94850
2021-2022,2021-11-30,40,ACTE(VGP),moins de 65 ans,21188
2021-2022,2021-11-30,40,DOSES(J07E1),moins de 65 ans,50213
2021-2022,2021-12-01,41,ACTE(VGP),65 ans et plus,40252
2021-2022,2021-12-01,41,DOSES(J07E1),65 ans et plus,71523
2021-2022,2021-12-01,41,ACTE(VGP),moins de 65 ans,17357
2021-2022,2021-12-01,41,DOSES(J07E1),moins de 65 ans,42202
2021-2022,2021-12-02,42,ACTE(VGP),65 ans et plus,40202
2021-2022,2021-12-02,42,DOSES(J07E1),65 ans et plus,70914
2021-2022,2021-12-02,42,ACTE(VGP),moins de 65 ans,16056
2021-2022,2021-12-02,42,DOSES(J07E1),moins de 65 ans,37999
2021-2022,2021-12-03,43,ACTE(VGP),65 ans et plus,34194
2021-2022,2021-12-03,43,DOSES(J07E1),65 ans et plus,59561
2021-2022,2021-12-03,43,ACTE(VGP),moins de 65 ans,16513
2021-2022,2021-12-03,43,DOSES(J07E1),moins de 65 ans,37171
2021-2022,2021-12-04,44,ACTE(VGP),65 ans et plus,10634
2021-2022,2021-12-04,44,DOSES(J07E1),65 ans et plus,24530
2021-2022,2021-12-04,44,ACTE(VGP),moins de 65 ans,9942
2021-2022,2021-12-04,44,DOSES(J07E1),moins de 65 ans,23973
2021-2022,2021-12-05,45,ACTE(VGP),65 ans et plus,285
2021-2022,2021-12-05,45,DOSES(J07E1),65 ans et plus,401
2021-2022,2021-12-05,45,ACTE(VGP),moins de 65 ans,197
2021-2022,2021-12-05,45,DOSES(J07E1),moins de 65 ans,432
2021-2022,2021-12-06,46,ACTE(VGP),65 ans et plus,29296
2021-2022,2021-12-06,46,DOSES(J07E1),65 ans et plus,50507
2021-2022,2021-12-06,46,ACTE(VGP),moins de 65 ans,12567
2021-2022,2021-12-06,46,DOSES(J07E1),moins de 65 ans,29396
2021-2022,2021-12-07,47,ACTE(VGP),65 ans et plus,31680
2021-2022,2021-12-07,47,DOSES(J07E1),65 ans et plus,53490
2021-2022,2021-12-07,47,ACTE(VGP),moins de 65 ans,12364
2021-2022,2021-12-07,47,DOSES(J07E1),moins de 65 ans,28612
2021-2022,2021-12-08,48,ACTE(VGP),65 ans et plus,24589
2021-2022,2021-12-08,48,DOSES(J07E1),65 ans et plus,42804
2021-2022,2021-12-08,48,ACTE(VGP),moins de 65 ans,10433
2021-2022,2021-12-08,48,DOSES(J07E1),moins de 65 ans,24950
2021-2022,2021-12-09,49,ACTE(VGP),65 ans et plus,24579
2021-2022,2021-12-09,49,DOSES(J07E1),65 ans et plus,41890
2021-2022,2021-12-09,49,ACTE(VGP),moins de 65 ans,10329
2021-2022,2021-12-09,49,DOSES(J07E1),moins de 65 ans,23967
2021-2022,2021-12-10,50,ACTE(VGP),65 ans et plus,21662
2021-2022,2021-12-10,50,DOSES(J07E1),65 ans et plus,36819
2021-2022,2021-12-10,50,ACTE(VGP),moins de 65 ans,10506
2021-2022,2021-12-10,50,DOSES(J07E1),moins de 65 ans,24127
2021-2022,2021-12-11,51,ACTE(VGP),65 ans et plus,7552
2021-2022,2021-12-11,51,DOSES(J07E1),65 ans et plus,16385
2021-2022,2021-12-11,51,ACTE(VGP),moins de 65 ans,6130
2021-2022,2021-12-11,51,DOSES(J07E1),moins de 65 ans,15093
2021-2022,2021-12-12,52,ACTE(VGP),65 ans et plus,208
2021-2022,2021-12-12,52,DOSES(J07E1),65 ans et plus,405
2021-2022,2021-12-12,52,ACTE(VGP),moins de 65 ans,240
2021-2022,2021-12-12,52,DOSES(J07E1),moins de 65 ans,436
2021-2022,2021-12-13,53,ACTE(VGP),65 ans et plus,20092
2021-2022,2021-12-13,53,DOSES(J07E1),65 ans et plus,33307
2021-2022,2021-12-13,53,ACTE(VGP),moins de 65 ans,8671
2021-2022,2021-12-13,53,DOSES(J07E1),moins de 65 ans,19549
2021-2022,2021-12-14,54,ACTE(VGP),65 ans et plus,21249
2021-2022,2021-12-14,54,DOSES(J07E1),65 ans et plus,34808
2021-2022,2021-12-14,54,ACTE(VGP),moins de 65 ans,8565
2021-2022,2021-12-14,54,DOSES(J07E1),moins de 65 ans,18843
2021-2022,2021-12-15,55,ACTE(VGP),65 ans et plus,17452
2021-2022,2021-12-15,55,DOSES(J07E1),65 ans et plus,29021
2021-2022,2021-12-15,55,ACTE(VGP),moins de 65 ans,7465
2021-2022,2021-12-15,55,DOSES(J07E1),moins de 65 ans,17122
2021-2022,2021-12-16,56,ACTE(VGP),65 ans et plus,17971
2021-2022,2021-12-16,56,DOSES(J07E1),65 ans et plus,29752
2021-2022,2021-12-16,56,ACTE(VGP),moins de 65 ans,7764
2021-2022,2021-12-16,56,DOSES(J07E1),moins de 65 ans,17057
2021-2022,2021-12-17,57,ACTE(VGP),65 ans et plus,16021
2021-2022,2021-12-17,57,DOSES(J07E1),65 ans et plus,25799
2021-2022,2021-12-17,57,ACTE(VGP),moins de 65 ans,8071
2021-2022,2021-12-17,57,DOSES(J07E1),moins de 65 ans,16882
2021-2022,2021-12-18,58,ACTE(VGP),65 ans et plus,5682
2021-2022,2021-12-18,58,DOSES(J07E1),65 ans et plus,11240
2021-2022,2021-12-18,58,ACTE(VGP),moins de 65 ans,4705
2021-2022,2021-12-18,58,DOSES(J07E1),moins de 65 ans,10627
2021-2022,2021-12-19,59,ACTE(VGP),65 ans et plus,213
2021-2022,2021-12-19,59,DOSES(J07E1),65 ans et plus,445
2021-2022,2021-12-19,59,ACTE(VGP),moins de 65 ans,229
2021-2022,2021-12-19,59,DOSES(J07E1),moins de 65 ans,352
2021-2022,2021-12-20,60,ACTE(VGP),65 ans et plus,11934
2021-2022,2021-12-20,60,DOSES(J07E1),65 ans et plus,19224
2021-2022,2021-12-20,60,ACTE(VGP),moins de 65 ans,6615
2021-2022,2021-12-20,60,DOSES(J07E1),moins de 65 ans,13995
2021-2022,2021-12-21,61,ACTE(VGP),65 ans et plus,11360
2021-2022,2021-12-21,61,DOSES(J07E1),65 ans et plus,18337
2021-2022,2021-12-21,61,ACTE(VGP),moins de 65 ans,5959
2021-2022,2021-12-21,61,DOSES(J07E1),moins de 65 ans,12649
2021-2022,2021-12-22,62,ACTE(VGP),65 ans et plus,8082
2021-2022,2021-12-22,62,DOSES(J07E1),65 ans et plus,13733
2021-2022,2021-12-22,62,ACTE(VGP),moins de 65 ans,4898
2021-2022,2021-12-22,62,DOSES(J07E1),moins de 65 ans,10752
2021-2022,2021-12-23,63,ACTE(VGP),65 ans et plus,6755
2021-2022,2021-12-23,63,DOSES(J07E1),65 ans et plus,11948
2021-2022,2021-12-23,63,ACTE(VGP),moins de 65 ans,4028
2021-2022,2021-12-23,63,DOSES(J07E1),moins de 65 ans,9887
2021-2022,2021-12-24,64,ACTE(VGP),65 ans et plus,2660
2021-2022,2021-12-24,64,DOSES(J07E1),65 ans et plus,6514
2021-2022,2021-12-24,64,ACTE(VGP),moins de 65 ans,1968
2021-2022,2021-12-24,64,DOSES(J07E1),moins de 65 ans,5834
2021-2022,2021-12-25,65,ACTE(VGP),65 ans et plus,38
2021-2022,2021-12-25,65,DOSES(J07E1),65 ans et plus,152
2021-2022,2021-12-25,65,ACTE(VGP),moins de 65 ans,26
2021-2022,2021-12-25,65,DOSES(J07E1),moins de 65 ans,62
2021-2022,2021-12-26,66,ACTE(VGP),65 ans et plus,171
2021-2022,2021-12-26,66,DOSES(J07E1),65 ans et plus,399
2021-2022,2021-12-26,66,ACTE(VGP),moins de 65 ans,87
2021-2022,2021-12-26,66,DOSES(J07E1),moins de 65 ans,146
2021-2022,2021-12-27,67,ACTE(VGP),65 ans et plus,6779
2021-2022,2021-12-27,67,DOSES(J07E1),65 ans et plus,11137
2021-2022,2021-12-27,67,ACTE(VGP),moins de 65 ans,4229
2021-2022,2021-12-27,67,DOSES(J07E1),moins de 65 ans,8889
2021-2022,2021-12-28,68,ACTE(VGP),65 ans et plus,7259
2021-2022,2021-12-28,68,DOSES(J07E1),65 ans et plus,11737
2021-2022,2021-12-28,68,ACTE(VGP),moins de 65 ans,4187
2021-2022,2021-12-28,68,DOSES(J07E1),moins de 65 ans,8504
2021-2022,2021-12-29,69,ACTE(VGP),65 ans et plus,5834
2021-2022,2021-12-29,69,DOSES(J07E1),65 ans et plus,10042
2021-2022,2021-12-29,69,ACTE(VGP),moins de 65 ans,3566
2021-2022,2021-12-29,69,DOSES(J07E1),moins de 65 ans,7489
2021-2022,2021-12-30,70,ACTE(VGP),65 ans et plus,5312
2021-2022,2021-12-30,70,DOSES(J07E1),65 ans et plus,9370
2021-2022,2021-12-30,70,ACTE(VGP),moins de 65 ans,3348
2021-2022,2021-12-30,70,DOSES(J07E1),moins de 65 ans,7215
2021-2022,2021-12-31,71,ACTE(VGP),65 ans et plus,2433
2021-2022,2021-12-31,71,DOSES(J07E1),65 ans et plus,4985
2021-2022,2021-12-31,71,ACTE(VGP),moins de 65 ans,1725
2021-2022,2021-12-31,71,DOSES(J07E1),moins de 65 ans,4340
2021-2022,2022-01-01,72,ACTE(VGP),65 ans et plus,161
2021-2022,2022-01-01,72,DOSES(J07E1),65 ans et plus,186
2021-2022,2022-01-01,72,ACTE(VGP),moins de 65 ans,42
2021-2022,2022-01-01,72,DOSES(J07E1),moins de 65 ans,120
2021-2022,2022-01-02,73,ACTE(VGP),65 ans et plus,162
2021-2022,2022-01-02,73,DOSES(J07E1),65 ans et plus,83
2021-2022,2022-01-02,73,ACTE(VGP),moins de 65 ans,53
2021-2022,2022-01-02,73,DOSES(J07E1),moins de 65 ans,103
2021-2022,2022-01-03,74,ACTE(VGP),65 ans et plus,4488
2021-2022,2022-01-03,74,DOSES(J07E1),65 ans et plus,8126
2021-2022,2022-01-03,74,ACTE(VGP),moins de 65 ans,2358
2021-2022,2022-01-03,74,DOSES(J07E1),moins de 65 ans,5750
2021-2022,2022-01-04,75,ACTE(VGP),65 ans et plus,5820
2021-2022,2022-01-04,75,DOSES(J07E1),65 ans et plus,9693
2021-2022,2022-01-04,75,ACTE(VGP),moins de 65 ans,2963
2021-2022,2022-01-04,75,DOSES(J07E1),moins de 65 ans,6418
2021-2022,2022-01-05,76,ACTE(VGP),65 ans et plus,5089
2021-2022,2022-01-05,76,DOSES(J07E1),65 ans et plus,8320
2021-2022,2022-01-05,76,ACTE(VGP),moins de 65 ans,2498
2021-2022,2022-01-05,76,DOSES(J07E1),moins de 65 ans,5664
2021-2022,2022-01-06,77,ACTE(VGP),65 ans et plus,5049
2021-2022,2022-01-06,77,DOSES(J07E1),65 ans et plus,8692
2021-2022,2022-01-06,77,ACTE(VGP),moins de 65 ans,2486
2021-2022,2022-01-06,77,DOSES(J07E1),moins de 65 ans,5685
2021-2022,2022-01-07,78,ACTE(VGP),65 ans et plus,4576
2021-2022,2022-01-07,78,DOSES(J07E1),65 ans et plus,7667
2021-2022,2022-01-07,78,ACTE(VGP),moins de 65 ans,2805
2021-2022,2022-01-07,78,DOSES(J07E1),moins de 65 ans,5551
2021-2022,2022-01-08,79,ACTE(VGP),65 ans et plus,1854
2021-2022,2022-01-08,79,DOSES(J07E1),65 ans et plus,3709
2021-2022,2022-01-08,79,ACTE(VGP),moins de 65 ans,1481
2021-2022,2022-01-08,79,DOSES(J07E1),moins de 65 ans,3419
2021-2022,2022-01-09,80,ACTE(VGP),65 ans et plus,92
2021-2022,2022-01-09,80,DOSES(J07E1),65 ans et plus,215
2021-2022,2022-01-09,80,ACTE(VGP),moins de 65 ans,62
2021-2022,2022-01-09,80,DOSES(J07E1),moins de 65 ans,147
2021-2022,2022-01-10,81,ACTE(VGP),65 ans et plus,3528
2021-2022,2022-01-10,81,DOSES(J07E1),65 ans et plus,6438
2021-2022,2022-01-10,81,ACTE(VGP),moins de 65 ans,1758
2021-2022,2022-01-10,81,DOSES(J07E1),moins de 65 ans,4172
2021-2022,2022-01-11,82,ACTE(VGP),65 ans et plus,3805
2021-2022,2022-01-11,82,DOSES(J07E1),65 ans et plus,6550
2021-2022,2022-01-11,82,ACTE(VGP),moins de 65 ans,1912
2021-2022,2022-01-11,82,DOSES(J07E1),moins de 65 ans,4076
2021-2022,2022-01-12,83,ACTE(VGP),65 ans et plus,2945
2021-2022,2022-01-12,83,DOSES(J07E1),65 ans et plus,5139
2021-2022,2022-01-12,83,ACTE(VGP),moins de 65 ans,1604
2021-2022,2022-01-12,83,DOSES(J07E1),moins de 65 ans,3762
2021-2022,2022-01-13,84,ACTE(VGP),65 ans et plus,3042
2021-2022,2022-01-13,84,DOSES(J07E1),65 ans et plus,5082
2021-2022,2022-01-13,84,ACTE(VGP),moins de 65 ans,1511
2021-2022,2022-01-13,84,DOSES(J07E1),moins de 65 ans,3501
2021-2022,2022-01-14,85,ACTE(VGP),65 ans et plus,2800
2021-2022,2022-01-14,85,DOSES(J07E1),65 ans et plus,4653
2021-2022,2022-01-14,85,ACTE(VGP),moins de 65 ans,1662
2021-2022,2022-01-14,85,DOSES(J07E1),moins de 65 ans,3582
2021-2022,2022-01-15,86,ACTE(VGP),65 ans et plus,1109
2021-2022,2022-01-15,86,DOSES(J07E1),65 ans et plus,2525
2021-2022,2022-01-15,86,ACTE(VGP),moins de 65 ans,919
2021-2022,2022-01-15,86,DOSES(J07E1),moins de 65 ans,2096
2021-2022,2022-01-16,87,ACTE(VGP),65 ans et plus,130
2021-2022,2022-01-16,87,DOSES(J07E1),65 ans et plus,47
2021-2022,2022-01-16,87,ACTE(VGP),moins de 65 ans,72
2021-2022,2022-01-16,87,DOSES(J07E1),moins de 65 ans,108
2021-2022,2022-01-17,88,ACTE(VGP),65 ans et plus,2272
2021-2022,2022-01-17,88,DOSES(J07E1),65 ans et plus,3515
2021-2022,2022-01-17,88,ACTE(VGP),moins de 65 ans,1272
2021-2022,2022-01-17,88,DOSES(J07E1),moins de 65 ans,2723
2021-2022,2022-01-18,89,ACTE(VGP),65 ans et plus,2483
2021-2022,2022-01-18,89,DOSES(J07E1),65 ans et plus,4357
2021-2022,2022-01-18,89,ACTE(VGP),moins de 65 ans,1351
2021-2022,2022-01-18,89,DOSES(J07E1),moins de 65 ans,2629
2021-2022,2022-01-19,90,ACTE(VGP),65 ans et plus,2007
2021-2022,2022-01-19,90,DOSES(J07E1),65 ans et plus,3804
2021-2022,2022-01-19,90,ACTE(VGP),moins de 65 ans,1090
2021-2022,2022-01-19,90,DOSES(J07E1),moins de 65 ans,2459
2021-2022,2022-01-20,91,ACTE(VGP),65 ans et plus,2166
2021-2022,2022-01-20,91,DOSES(J07E1),65 ans et plus,3335
2021-2022,2022-01-20,91,ACTE(VGP),moins de 65 ans,1132
2021-2022,2022-01-20,91,DOSES(J07E1),moins de 65 ans,2499
2021-2022,2022-01-21,92,ACTE(VGP),65 ans et plus,2080
2021-2022,2022-01-21,92,DOSES(J07E1),65 ans et plus,3622
2021-2022,2022-01-21,92,ACTE(VGP),moins de 65 ans,1150
2021-2022,2022-01-21,92,DOSES(J07E1),moins de 65 ans,2550
2021-2022,2022-01-22,93,ACTE(VGP),65 ans et plus,786
2021-2022,2022-01-22,93,DOSES(J07E1),65 ans et plus,1990
2021-2022,2022-01-22,93,ACTE(VGP),moins de 65 ans,644
2021-2022,2022-01-22,93,DOSES(J07E1),moins de 65 ans,1610
2021-2022,2022-01-23,94,ACTE(VGP),65 ans et plus,49
2021-2022,2022-01-23,94,DOSES(J07E1),65 ans et plus,26
2021-2022,2022-01-23,94,ACTE(VGP),moins de 65 ans,49
2021-2022,2022-01-23,94,DOSES(J07E1),moins de 65 ans,174
2021-2022,2022-01-24,95,ACTE(VGP),65 ans et plus,1769
2021-2022,2022-01-24,95,DOSES(J07E1),65 ans et plus,3190
2021-2022,2022-01-24,95,ACTE(VGP),moins de 65 ans,835
2021-2022,2022-01-24,95,DOSES(J07E1),moins de 65 ans,1853
2021-2022,2022-01-25,96,ACTE(VGP),65 ans et plus,1995
2021-2022,2022-01-25,96,DOSES(J07E1),65 ans et plus,3597
2021-2022,2022-01-25,96,ACTE(VGP),moins de 65 ans,1004
2021-2022,2022-01-25,96,DOSES(J07E1),moins de 65 ans,2029
2021-2022,2022-01-26,97,ACTE(VGP),65 ans et plus,1662
2021-2022,2022-01-26,97,DOSES(J07E1),65 ans et plus,2837
2021-2022,2022-01-26,97,ACTE(VGP),moins de 65 ans,794
2021-2022,2022-01-26,97,DOSES(J07E1),moins de 65 ans,1758
2021-2022,2022-01-27,98,ACTE(VGP),65 ans et plus,1692
2021-2022,2022-01-27,98,DOSES(J07E1),65 ans et plus,3074
2021-2022,2022-01-27,98,ACTE(VGP),moins de 65 ans,861
2021-2022,2022-01-27,98,DOSES(J07E1),moins de 65 ans,1908
2021-2022,2022-01-28,99,ACTE(VGP),65 ans et plus,1578
2021-2022,2022-01-28,99,DOSES(J07E1),65 ans et plus,2584
2021-2022,2022-01-28,99,ACTE(VGP),moins de 65 ans,913
2021-2022,2022-01-28,99,DOSES(J07E1),moins de 65 ans,1967
2021-2022,2022-01-29,100,ACTE(VGP),65 ans et plus,783
2021-2022,2022-01-29,100,DOSES(J07E1),65 ans et plus,1829
2021-2022,2022-01-29,100,ACTE(VGP),moins de 65 ans,568
2021-2022,2022-01-29,100,DOSES(J07E1),moins de 65 ans,1163
2021-2022,2022-01-30,101,ACTE(VGP),65 ans et plus,42
2021-2022,2022-01-30,101,DOSES(J07E1),65 ans et plus,82
2021-2022,2022-01-30,101,ACTE(VGP),moins de 65 ans,58
2021-2022,2022-01-30,101,DOSES(J07E1),moins de 65 ans,51
2021-2022,2022-01-31,102,ACTE(VGP),65 ans et plus,1612
2021-2022,2022-01-31,102,DOSES(J07E1),65 ans et plus,2637
2021-2022,2022-01-31,102,ACTE(VGP),moins de 65 ans,853
2021-2022,2022-01-31,102,DOSES(J07E1),moins de 65 ans,1841
2021-2022,2022-02-01,103,ACTE(VGP),65 ans et plus,1154
2021-2022,2022-02-01,103,DOSES(J07E1),65 ans et plus,1375
2021-2022,2022-02-01,103,ACTE(VGP),moins de 65 ans,645
2021-2022,2022-02-01,103,DOSES(J07E1),moins de 65 ans,1146
2021-2022,2022-02-02,104,ACTE(VGP),65 ans et plus,684
2021-2022,2022-02-02,104,DOSES(J07E1),65 ans et plus,1001
2021-2022,2022-02-02,104,ACTE(VGP),moins de 65 ans,463
2021-2022,2022-02-02,104,DOSES(J07E1),moins de 65 ans,950
2021-2022,2022-02-03,105,ACTE(VGP),65 ans et plus,897
2021-2022,2022-02-03,105,DOSES(J07E1),65 ans et plus,1099
2021-2022,2022-02-03,105,ACTE(VGP),moins de 65 ans,489
2021-2022,2022-02-03,105,DOSES(J07E1),moins de 65 ans,851
2021-2022,2022-02-04,106,ACTE(VGP),65 ans et plus,843
2021-2022,2022-02-04,106,DOSES(J07E1),65 ans et plus,1221
2021-2022,2022-02-04,106,ACTE(VGP),moins de 65 ans,540
2021-2022,2022-02-04,106,DOSES(J07E1),moins de 65 ans,1145
2021-2022,2022-02-05,107,ACTE(VGP),65 ans et plus,415
2021-2022,2022-02-05,107,DOSES(J07E1),65 ans et plus,556
2021-2022,2022-02-05,107,ACTE(VGP),moins de 65 ans,276
2021-2022,2022-02-05,107,DOSES(J07E1),moins de 65 ans,591
2021-2022,2022-02-06,108,ACTE(VGP),65 ans et plus,46
2021-2022,2022-02-06,108,DOSES(J07E1),65 ans et plus,92
2021-2022,2022-02-06,108,ACTE(VGP),moins de 65 ans,32
2021-2022,2022-02-06,108,DOSES(J07E1),moins de 65 ans,67
2021-2022,2022-02-07,109,ACTE(VGP),65 ans et plus,752
2021-2022,2022-02-07,109,DOSES(J07E1),65 ans et plus,998
2021-2022,2022-02-07,109,ACTE(VGP),moins de 65 ans,445
2021-2022,2022-02-07,109,DOSES(J07E1),moins de 65 ans,953
2021-2022,2022-02-08,110,ACTE(VGP),65 ans et plus,795
2021-2022,2022-02-08,110,DOSES(J07E1),65 ans et plus,852
2021-2022,2022-02-08,110,ACTE(VGP),moins de 65 ans,526
2021-2022,2022-02-08,110,DOSES(J07E1),moins de 65 ans,888
2021-2022,2022-02-09,111,ACTE(VGP),65 ans et plus,690
2021-2022,2022-02-09,111,DOSES(J07E1),65 ans et plus,788
2021-2022,2022-02-09,111,ACTE(VGP),moins de 65 ans,453
2021-2022,2022-02-09,111,DOSES(J07E1),moins de 65 ans,813
2021-2022,2022-02-10,112,ACTE(VGP),65 ans et plus,733
2021-2022,2022-02-10,112,DOSES(J07E1),65 ans et plus,964
2021-2022,2022-02-10,112,ACTE(VGP),moins de 65 ans,473
2021-2022,2022-02-10,112,DOSES(J07E1),moins de 65 ans,911
2021-2022,2022-02-11,113,ACTE(VGP),65 ans et plus,733
2021-2022,2022-02-11,113,DOSES(J07E1),65 ans et plus,958
2021-2022,2022-02-11,113,ACTE(VGP),moins de 65 ans,360
2021-2022,2022-02-11,113,DOSES(J07E1),moins de 65 ans,658
2021-2022,2022-02-12,114,ACTE(VGP),65 ans et plus,328
2021-2022,2022-02-12,114,DOSES(J07E1),65 ans et plus,500
2021-2022,2022-02-12,114,ACTE(VGP),moins de 65 ans,192
2021-2022,2022-02-12,114,DOSES(J07E1),moins de 65 ans,517
2021-2022,2022-02-13,115,ACTE(VGP),65 ans et plus,125
2021-2022,2022-02-13,115,DOSES(J07E1),65 ans et plus,254
2021-2022,2022-02-13,115,ACTE(VGP),moins de 65 ans,32
2021-2022,2022-02-13,115,DOSES(J07E1),moins de 65 ans,48
2021-2022,2022-02-14,116,ACTE(VGP),65 ans et plus,651
2021-2022,2022-02-14,116,DOSES(J07E1),65 ans et plus,654
2021-2022,2022-02-14,116,ACTE(VGP),moins de 65 ans,397
2021-2022,2022-02-14,116,DOSES(J07E1),moins de 65 ans,652
2021-2022,2022-02-15,117,ACTE(VGP),65 ans et plus,643
2021-2022,2022-02-15,117,DOSES(J07E1),65 ans et plus,656
2021-2022,2022-02-15,117,ACTE(VGP),moins de 65 ans,417
2021-2022,2022-02-15,117,DOSES(J07E1),moins de 65 ans,619
2021-2022,2022-02-16,118,ACTE(VGP),65 ans et plus,773
2021-2022,2022-02-16,118,DOSES(J07E1),65 ans et plus,443
2021-2022,2022-02-16,118,ACTE(VGP),moins de 65 ans,337
2021-2022,2022-02-16,118,DOSES(J07E1),moins de 65 ans,644
2021-2022,2022-02-17,119,ACTE(VGP),65 ans et plus,620
2021-2022,2022-02-17,119,DOSES(J07E1),65 ans et plus,706
2021-2022,2022-02-17,119,ACTE(VGP),moins de 65 ans,419
2021-2022,2022-02-17,119,DOSES(J07E1),moins de 65 ans,695
2021-2022,2022-02-18,120,ACTE(VGP),65 ans et plus,714
2021-2022,2022-02-18,120,DOSES(J07E1),65 ans et plus,1177
2021-2022,2022-02-18,120,ACTE(VGP),moins de 65 ans,399
2021-2022,2022-02-18,120,DOSES(J07E1),moins de 65 ans,737
2021-2022,2022-02-19,121,ACTE(VGP),65 ans et plus,416
2021-2022,2022-02-19,121,DOSES(J07E1),65 ans et plus,538
2021-2022,2022-02-19,121,ACTE(VGP),moins de 65 ans,235
2021-2022,2022-02-19,121,DOSES(J07E1),moins de 65 ans,373
2021-2022,2022-02-20,122,ACTE(VGP),65 ans et plus,45
2021-2022,2022-02-20,122,DOSES(J07E1),65 ans et plus,13
2021-2022,2022-02-20,122,ACTE(VGP),moins de 65 ans,28
2021-2022,2022-02-20,122,DOSES(J07E1),moins de 65 ans,30
2021-2022,2022-02-21,123,ACTE(VGP),65 ans et plus,734
2021-2022,2022-02-21,123,DOSES(J07E1),65 ans et plus,795
2021-2022,2022-02-21,123,ACTE(VGP),moins de 65 ans,412
2021-2022,2022-02-21,123,DOSES(J07E1),moins de 65 ans,662
2021-2022,2022-02-22,124,ACTE(VGP),65 ans et plus,562
2021-2022,2022-02-22,124,DOSES(J07E1),65 ans et plus,752
2021-2022,2022-02-22,124,ACTE(VGP),moins de 65 ans,363
2021-2022,2022-02-22,124,DOSES(J07E1),moins de 65 ans,695
2021-2022,2022-02-23,125,ACTE(VGP),65 ans et plus,573
2021-2022,2022-02-23,125,DOSES(J07E1),65 ans et plus,1040
2021-2022,2022-02-23,125,ACTE(VGP),moins de 65 ans,374
2021-2022,2022-02-23,125,DOSES(J07E1),moins de 65 ans,733
2021-2022,2022-02-24,126,ACTE(VGP),65 ans et plus,534
2021-2022,2022-02-24,126,DOSES(J07E1),65 ans et plus,675
2021-2022,2022-02-24,126,ACTE(VGP),moins de 65 ans,319
2021-2022,2022-02-24,126,DOSES(J07E1),moins de 65 ans,583
2021-2022,2022-02-25,127,ACTE(VGP),65 ans et plus,652
2021-2022,2022-02-25,127,DOSES(J07E1),65 ans et plus,521
2021-2022,2022-02-25,127,ACTE(VGP),moins de 65 ans,335
2021-2022,2022-02-25,127,DOSES(J07E1),moins de 65 ans,517
2021-2022,2022-02-26,128,ACTE(VGP),65 ans et plus,205
2021-2022,2022-02-26,128,DOSES(J07E1),65 ans et plus,678
2021-2022,2022-02-26,128,ACTE(VGP),moins de 65 ans,169
2021-2022,2022-02-26,128,DOSES(J07E1),moins de 65 ans,265
2021-2022,2022-02-27,129,ACTE(VGP),65 ans et plus,82
2021-2022,2022-02-27,129,DOSES(J07E1),65 ans et plus,72
2021-2022,2022-02-27,129,ACTE(VGP),moins de 65 ans,21
2021-2022,2022-02-27,129,DOSES(J07E1),moins de 65 ans,44
2021-2022,2022-02-28,130,ACTE(VGP),65 ans et plus,530
2021-2022,2022-02-28,130,DOSES(J07E1),65 ans et plus,1150
2021-2022,2022-02-28,130,ACTE(VGP),moins de 65 ans,289
2021-2022,2022-02-28,130,DOSES(J07E1),moins de 65 ans,736
